{"cameraMode":{"drawMode":0,"name":"Shaded","section":"Shading Mode"},"sceneLighting":true,"audioPlay":false,"sceneViewState":{"showFog":true,"showMaterialUpdate":false,"showSkybox":true,"showFlares":true,"showImageEffects":true,"showParticleSystems":true,"showVisualEffectGraphs":true,"m_FxEnabled":true},"in2DMode":false,"pivot":{"x":25.7439022064209,"y":1.8555984497070313,"z":-7.166413307189941},"rotation":{"x":0.006861008238047361,"y":-0.9827395081520081,"z":0.03685733675956726,"w":0.18096773326396943},"size":0.27831053733825686,"orthographic":false}