{"cameraMode":{"drawMode":0,"name":"Shaded","section":"Shading Mode"},"sceneLighting":true,"audioPlay":false,"sceneViewState":{"showFog":true,"showMaterialUpdate":false,"showSkybox":true,"showFlares":true,"showImageEffects":true,"showParticleSystems":true,"showVisualEffectGraphs":true,"m_FxEnabled":true},"in2DMode":false,"pivot":{"x":12.622166633605957,"y":10.593302726745606,"z":1.8630352020263672},"rotation":{"x":0.19312520325183869,"y":-0.2054474949836731,"z":0.041861750185489658,"w":0.9586021304130554},"size":10.002958297729493,"orthographic":false}