{"cameraMode":{"drawMode":0,"name":"Shaded","section":"Shading Mode"},"sceneLighting":true,"audioPlay":false,"sceneViewState":{"showFog":true,"showMaterialUpdate":false,"showSkybox":true,"showFlares":true,"showImageEffects":true,"showParticleSystems":true,"showVisualEffectGraphs":true,"m_FxEnabled":true},"in2DMode":false,"pivot":{"x":17.21482276916504,"y":2.5541882514953615,"z":-9.433216094970704},"rotation":{"x":0.05918649956583977,"y":-0.4605174660682678,"z":0.031094321981072427,"w":0.8852280974388123},"size":12.129720687866211,"orthographic":false}