{"cameraMode":{"drawMode":0,"name":"Shaded","section":"Shading Mode"},"sceneLighting":true,"audioPlay":false,"sceneViewState":{"showFog":true,"showMaterialUpdate":false,"showSkybox":true,"showFlares":true,"showImageEffects":true,"showParticleSystems":true,"showVisualEffectGraphs":true,"m_FxEnabled":true},"in2DMode":false,"pivot":{"x":-3.882880210876465,"y":6.1283111572265629,"z":4.119377136230469},"rotation":{"x":0.34133991599082949,"y":-0.05322806164622307,"z":0.019492866471409799,"w":0.9383254647254944},"size":24.432249069213868,"orthographic":false}