{"cameraMode":{"drawMode":0,"name":"Shaded","section":"Shading Mode"},"sceneLighting":false,"audioPlay":false,"sceneViewState":{"showFog":true,"showMaterialUpdate":false,"showSkybox":false,"showFlares":true,"showImageEffects":true,"showParticleSystems":true,"showVisualEffectGraphs":true,"m_FxEnabled":true},"in2DMode":false,"pivot":{"x":19.34406280517578,"y":1.172107458114624,"z":-8.198542594909668},"rotation":{"x":-0.0010628621093928815,"y":-0.7053977251052856,"z":0.0010584283154457808,"w":-0.7088030576705933},"size":0.13400979340076447,"orthographic":true}